{
	"info": {
		"_postman_id": "6f2480cb-f457-416b-bb8b-6aea649d2560",
		"name": "velo23_export",
		"schema": "https://schema.getpostman.com/json/collection/v2.1.0/collection.json"
	},
	"item": [
		{
			"name": "get_all_pipelines",
			"protocolProfileBehavior": {
				"disableBodyPruning": true
			},
			"request": {
				"method": "GET",
				"header": [],
				"body": {
					"mode": "raw",
					"raw": "",
					"options": {
						"raw": {
							"language": "json"
						}
					}
				},
				"url": {
					"raw": "{{url}}/pipelines",
					"host": [
						"{{url}}"
					],
					"path": [
						"pipelines"
					]
				}
			},
			"response": []
		},
		{
			"name": "get_all_pipeline_by_id",
			"protocolProfileBehavior": {
				"disableBodyPruning": true
			},
			"request": {
				"method": "GET",
				"header": [],
				"body": {
					"mode": "raw",
					"raw": "",
					"options": {
						"raw": {
							"language": "json"
						}
					}
				},
				"url": {
					"raw": "{{url}}/pipelines?id=1",
					"host": [
						"{{url}}"
					],
					"path": [
						"pipelines"
					],
					"query": [
						{
							"key": "id",
							"value": "1"
						}
					]
				}
			},
			"response": []
		},
		{
			"name": "post_new_pipeline",
			"request": {
				"method": "POST",
				"header": [],
				"body": {
					"mode": "raw",
					"raw": "{\n\t\"pipelineName\": \"Sample_config_{{$randomUUID}}\",\n\t\"config\": {\n\t\t\"configuration\": [\n\t\t\t{\n\t\t\t\t\"source_config\": {\n\t\t\t\t\t\"type\": \"file\",\n\t\t\t\t\t\"details\": \"sample_file_MMDDYYYY\"\n\t\t\t\t},\n\t\t\t\t\"source_kde\": {\n\t\t\t\t\t\"source_kde_name\": \"Source_KDE_1\",\n\t\t\t\t\t\"rows\": [\n\t\t\t\t\t\t{\n\t\t\t\t\t\t\t\"element_tag\": \"First_name\",\n\t\t\t\t\t\t\t\"element_tag_name\": \"dbt_frst_nm\",\n\t\t\t\t\t\t\t\"element_tag_group\": \"Name\"\n\t\t\t\t\t\t},\n\t\t\t\t\t\t{\n\t\t\t\t\t\t\t\"element_tag\": \"Middle_name\",\n\t\t\t\t\t\t\t\"element_tag_name\": \"dbt_mid_nm\",\n\t\t\t\t\t\t\t\"element_tag_group\": \"Name\"\n\t\t\t\t\t\t},\n\t\t\t\t\t\t{\n\t\t\t\t\t\t\t\"element_tag\": \"Last_name\",\n\t\t\t\t\t\t\t\"element_tag_name\": \"dbt_last_nm\",\n\t\t\t\t\t\t\t\"element_tag_group\": \"Name\"\n\t\t\t\t\t\t}\n\t\t\t\t\t],\n\t\t\t\t\t\"Message_variants\": [\n\t\t\t\t\t\t{\n\t\t\t\t\t\t\t\"variant_name\": \"Message_Varient_1\",\n\t\t\t\t\t\t\t\"pipeline_operators\": [\n\t\t\t\t\t\t\t\t{\n\t\t\t\t\t\t\t\t\t\"enricher\": {\n\t\t\t\t\t\t\t\t\t\t\"enricher_id\": \"12\",\n\t\t\t\t\t\t\t\t\t\t\"enricher_name\": \"enrich_12\",\n\t\t\t\t\t\t\t\t\t\t\"rows\": [\n\t\t\t\t\t\t\t\t\t\t\t{\n\t\t\t\t\t\t\t\t\t\t\t\t\"data_element_1_1\": \"First_name\",\n\t\t\t\t\t\t\t\t\t\t\t\t\"data_element_1_2\": \"Last_name\",\n\t\t\t\t\t\t\t\t\t\t\t\t\"action_1\": \"Concatenation\",\n\t\t\t\t\t\t\t\t\t\t\t\t\"action_parameter_1\": null\n\t\t\t\t\t\t\t\t\t\t\t},\n\t\t\t\t\t\t\t\t\t\t\t{\n\t\t\t\t\t\t\t\t\t\t\t\t\"data_element_1_1\": \"Addr_line_1\",\n\t\t\t\t\t\t\t\t\t\t\t\t\"data_element_1_2\": \"Addr_line_2\",\n\t\t\t\t\t\t\t\t\t\t\t\t\"action_1\": \"Concatenation\",\n\t\t\t\t\t\t\t\t\t\t\t\t\"action_parameter_1\": null,\n\t\t\t\t\t\t\t\t\t\t\t\t\"Operator_1\": \"And\",\n\t\t\t\t\t\t\t\t\t\t\t\t\"data_element_2_1\": \"City\",\n\t\t\t\t\t\t\t\t\t\t\t\t\"data_element_2_2\": \"State\",\n\t\t\t\t\t\t\t\t\t\t\t\t\"action_2\": \"Concatenation\",\n\t\t\t\t\t\t\t\t\t\t\t\t\"action_parameter_2\": null,\n\t\t\t\t\t\t\t\t\t\t\t\t\"Operator_2\": \"And\",\n\t\t\t\t\t\t\t\t\t\t\t\t\"data_element_3_1\": \"Zip_Code\",\n\t\t\t\t\t\t\t\t\t\t\t\t\"data_element_3_2\": \"Zip_code_Ext\",\n\t\t\t\t\t\t\t\t\t\t\t\t\"action_3\": \"Concatenation\",\n\t\t\t\t\t\t\t\t\t\t\t\t\"action_parameter_3\": null\n\t\t\t\t\t\t\t\t\t\t\t},\n\t\t\t\t\t\t\t\t\t\t\t{\n\t\t\t\t\t\t\t\t\t\t\t\t\"data_element_1_1\": \"Acct_nbr\",\n\t\t\t\t\t\t\t\t\t\t\t\t\"data_element_1_2\": null,\n\t\t\t\t\t\t\t\t\t\t\t\t\"action_1\": \"Padding\",\n\t\t\t\t\t\t\t\t\t\t\t\t\"action_parameter_1\": {\n\t\t\t\t\t\t\t\t\t\t\t\t\t\"direction\": \"left\",\n\t\t\t\t\t\t\t\t\t\t\t\t\t\"value_to_add\": \"000\"\n\t\t\t\t\t\t\t\t\t\t\t\t}\n\t\t\t\t\t\t\t\t\t\t\t}\n\t\t\t\t\t\t\t\t\t\t]\n\t\t\t\t\t\t\t\t\t},\n\t\t\t\t\t\t\t\t\t\"transformer\": {\n\t\t\t\t\t\t\t\t\t\t\"transformer_id\": \"12\",\n\t\t\t\t\t\t\t\t\t\t\"transformer_name\": \"transform_12\",\n\t\t\t\t\t\t\t\t\t\t\"rows\": [\n\t\t\t\t\t\t\t\t\t\t\t{\n\t\t\t\t\t\t\t\t\t\t\t\t\"data_element_1_1\": \"sendersABA\",\n\t\t\t\t\t\t\t\t\t\t\t\t\"condition_1\": \"Equal_to\",\n\t\t\t\t\t\t\t\t\t\t\t\t\"value_1\": \"CITIABA\",\n\t\t\t\t\t\t\t\t\t\t\t\t\"Operator_1\": \"And\",\n\t\t\t\t\t\t\t\t\t\t\t\t\"data_element_2_1\": \"receiversABA\",\n\t\t\t\t\t\t\t\t\t\t\t\t\"condition_2\": \"Equal_to\",\n\t\t\t\t\t\t\t\t\t\t\t\t\"value_2\": \"CITIABA\",\n\t\t\t\t\t\t\t\t\t\t\t\t\"action\": \"set message null\"\n\t\t\t\t\t\t\t\t\t\t\t}\n\t\t\t\t\t\t\t\t\t\t]\n\t\t\t\t\t\t\t\t\t}\n\t\t\t\t\t\t\t\t}\n\t\t\t\t\t\t\t],\n\t\t\t\t\t\t\t\"target_kdes\": [\n\t\t\t\t\t\t\t\t{\n\t\t\t\t\t\t\t\t\t\"target_kde\": \"asdf\"\n\t\t\t\t\t\t\t\t}\n\t\t\t\t\t\t\t]\n\t\t\t\t\t\t}\n\t\t\t\t\t]\n\t\t\t\t}\n\t\t\t}\n\t\t]\n\t}\n}",
					"options": {
						"raw": {
							"language": "json"
						}
					}
				},
				"url": {
					"raw": "{{url}}/pipelines",
					"host": [
						"{{url}}"
					],
					"path": [
						"pipelines"
					]
				}
			},
			"response": []
		},
		{
			"name": "post_update_pipeline",
			"request": {
				"method": "POST",
				"header": [],
				"body": {
					"mode": "raw",
					"raw": "{\n    \"projectid\": \"1\",\n    \"pipelineName\": \"Sample_config_7f793b33-fcbf-4510-8844-2029e6f82388\",\n    \"configuration\": {\n        \"level1\": \"transformation 100\",\n        \"level2\": \"enhancement 10\",\n        \"target\": \"s3-json\"\n    }\n}",
					"options": {
						"raw": {
							"language": "json"
						}
					}
				},
				"url": {
					"raw": "{{url}}/pipelines?id=1",
					"host": [
						"{{url}}"
					],
					"path": [
						"pipelines"
					],
					"query": [
						{
							"key": "id",
							"value": "1"
						}
					]
				}
			},
			"response": []
		},
		{
			"name": "delete_pipeline",
			"request": {
				"method": "DELETE",
				"header": [],
				"body": {
					"mode": "raw",
					"raw": "{\n    \"projectId\": \"1\",\n    \"pipelineName\": \"Sample_config_{{$randomUUID}}\",\n    \"configuration\": {\n        \"level1\": \"transformation 1\",\n        \"level2\": \"enhancement 1\",\n        \"target\": \"s3-json\"\n    }\n}",
					"options": {
						"raw": {
							"language": "json"
						}
					}
				},
				"url": {
					"raw": "{{url}}/pipelines?id=5",
					"host": [
						"{{url}}"
					],
					"path": [
						"pipelines"
					],
					"query": [
						{
							"key": "id",
							"value": "5"
						}
					]
				}
			},
			"response": []
		},
		{
			"name": "upload_sample_from_UI",
			"request": {
				"method": "POST",
				"header": [],
				"body": {
					"mode": "formdata",
					"formdata": [
						{
							"key": "file",
							"type": "file",
							"src": "/Users/palak/dev/git/velo23/velo_poc/test_files/sample_data.csv"
						}
					],
					"options": {
						"raw": {
							"language": "json"
						}
					}
				},
				"url": {
					"raw": "{{url}}/get_data?pipline_id=1",
					"host": [
						"{{url}}"
					],
					"path": [
						"get_data"
					],
					"query": [
						{
							"key": "pipline_id",
							"value": "1"
						}
					]
				}
			},
			"response": []
		},
		{
			"name": "simulate_run",
			"request": {
				"method": "POST",
				"header": [],
				"body": {
					"mode": "formdata",
					"formdata": [
						{
							"key": "file",
							"type": "file",
							"src": "/Users/palak/dev/git/velo23/velo_poc/test_files/sample_data.csv"
						}
					],
					"options": {
						"raw": {
							"language": "json"
						}
					}
				},
				"url": {
					"raw": "{{url}}/simulate_run?pipeline_id=1",
					"host": [
						"{{url}}"
					],
					"path": [
						"simulate_run"
					],
					"query": [
						{
							"key": "pipeline_id",
							"value": "1"
						}
					]
				}
			},
			"response": []
		},
		{
			"name": "raw_data_by_id",
			"request": {
				"method": "GET",
				"header": [],
				"url": {
					"raw": "{{url}}/raw_data?id=1",
					"host": [
						"{{url}}"
					],
					"path": [
						"raw_data"
					],
					"query": [
						{
							"key": "id",
							"value": "1"
						}
					]
				}
			},
			"response": []
		},
		{
			"name": "raw_data_by_pipeline_id",
			"request": {
				"method": "GET",
				"header": [],
				"url": {
					"raw": "{{url}}/raw_data?pipeline_id=1",
					"host": [
						"{{url}}"
					],
					"path": [
						"raw_data"
					],
					"query": [
						{
							"key": "pipeline_id",
							"value": "1"
						}
					]
				}
			},
			"response": []
		},
		{
			"name": "process_data",
			"request": {
				"method": "POST",
				"header": [],
				"body": {
					"mode": "raw",
					"raw": "{\n    \"First_name\": \"Tom\",\n    \"Middle_name\": \"D\",\n    \"Last_name\": \"Cruse\",\n    \"Addr_line_1\": \"1 Main St\",\n    \"Addr_line_2\": null,\n    \"City\": \"LA\",\n    \"State\": \"CA\",\n    \"Zip_Code\": 90005,\n    \"Zip_code_Ext\": 1234,\n    \"Acct_nbr\": 100200300,\n    \"sendersABA\": \"CITIABA\",\n    \"receiversABA\": \"CITIABA\"\n}",
					"options": {
						"raw": {
							"language": "json"
						}
					}
				},
				"url": {
					"raw": "{{url}}/process_data",
					"host": [
						"{{url}}"
					],
					"path": [
						"process_data"
					]
				}
			},
			"response": []
		},
		{
			"name": "get_processed_data",
			"request": {
				"method": "GET",
				"header": [],
				"url": {
					"raw": "{{url}}/process_data?id=33",
					"host": [
						"{{url}}"
					],
					"path": [
						"process_data"
					],
					"query": [
						{
							"key": "id",
							"value": "33"
						}
					]
				}
			},
			"response": []
		}
	],
	"event": [
		{
			"listen": "prerequest",
			"script": {
				"type": "text/javascript",
				"exec": [
					""
				]
			}
		},
		{
			"listen": "test",
			"script": {
				"type": "text/javascript",
				"exec": [
					""
				]
			}
		}
	],
	"variable": [
		{
			"key": "url",
			"value": "https://34.144.219.153.nip.io/ibh/api/v1",
			"type": "default"
		}
	]
}